代码,名称,总市值
159869,游戏ETF,5641672737
516770,游戏ETF华泰柏瑞,148850520
516000,数据ETF,289403355
516010,游戏ETF,1463250454
560260,医疗ETF龙头,1720104940
516700,大数据产业ETF,85490174
515400,大数据ETF,1342162248
562570,信创ETF,254740376
516510,云计算ETF,1796661810
159847,医疗ETF易方达,840349096
159568,港股互联网ETF,179411869
516630,云计算50ETF,244730772
562030,信创ETF基金,67363040
159739,大数据ETF,264296942
159828,医疗ETF,2292813804
560850,信创50ETF,266599608
512170,医疗ETF,26066746700
159890,云计算ETF,247113066
159797,医疗器械ETF基金,58791570
513770,港股互联网ETF,3453419012
159792,港股通互联网ETF,28732673295
517200,互联网ETF,142935524
560360,软件指数ETF,212384490
513040,港股通互联网ETF,270334011
159852,软件ETF,2660679476
159728,在线消费ETF,68674173
562930,软件ETF易方达,150179520
159898,医疗器械指数ETF,186988863
159877,医疗产业ETF,90324583
159303,恒生医疗ETF基金,119161389
515230,软件ETF,1501745951
159883,医疗器械ETF,1755760185
159613,信息安全ETF,83744315
561010,软件ETF基金,143291676
517390,云计算沪港深ETF,122346412
159527,数据ETF,94080455
516790,医疗ETF华泰柏瑞,136541909
159873,医疗设备ETF,84091920
513060,恒生医疗ETF,15044359838
513700,香港医药ETF,908879316
516610,医疗服务ETF,78143375
159891,医疗ETF基金,122411174
513200,港股通医药ETF,2409015597
562600,医疗器械ETF,58904912
560660,云50ETF,73034258
159725,线上消费ETF,60190253
159856,互联网龙头ETF,356605202
159506,恒生医疗ETF,563883278
159738,云计算ETF华泰柏瑞,166614379
159586,计算机ETF南方,158322966
512720,计算机ETF,1124173158
159998,计算机ETF,2801791744
517050,互联网ETF华泰柏瑞,515060702
159718,港股医药ETF,206558228
159557,恒生医疗指数ETF,230582287
159899,软件龙头ETF,311212931
159590,软件50ETF,235835501
562920,信息安全ETF,70422450
159615,恒生生物科技ETF,328349337
159729,互联网ETF,97993533
516500,生物科技ETF,108373199
520500,恒生创新药ETF,75797215
159776,港股通医药ETF,118273606
159748,创新药ETF富国,236979744
516930,生物科技ETF基金,35937891
159849,生物科技指数ETF,74751888
513120,港股创新药ETF,8489995799
159892,恒生医药ETF,4189721780
513280,恒生生物科技ETF,195275303
159837,生物科技ETF,1315307386
159688,恒生互联网ETF,623271296
512290,生物医药ETF,3948784538
520700,港股创新药ETF基金,92387592
159622,创新药ETF沪港深,191648623
513050,中概互联网ETF,39980840079
159751,港股科技ETF,282616817
513020,港股科技ETF,341241551
513330,恒生互联网ETF,27357896687
513780,港股创新药50ETF,113969058
159636,港股通科技30ETF,10327439879
513860,港股通科技ETF,1099357072
517110,创新药沪深港ETF,264793892
159605,中概互联ETF,6765713064
517990,医药ETF沪港深,41900780
588860,科创医药ETF,479260746
517120,创新药ETF华泰柏瑞,326251898
159607,中概互联网ETF,1804591125
560300,电信50ETF,46432964
513150,港股通科技ETF华泰柏瑞,158223503
513980,港股科技50ETF,6730393926
159778,工业互联ETF,56981887
159839,生物药ETF,576863427
513220,中概互联ETF,221415564
588700,科创医药指数ETF,298474854
159537,信创ETF,99098884
563010,电信ETF,118403069
512010,医药ETF,23274679558
159859,生物医药ETF,3215518577
159511,通信ETF基金,65998869
159540,信创ETF易方达,166733842
517380,创新药沪港深ETF,239936204
159838,医药50ETF,219764610
159538,信创ETF富国,55334264
516820,医疗创新ETF,1711751742
159567,港股创新药ETF,411432161
159508,生物医药ETF基金,41640172
159643,疫苗ETF,64004808
159570,港股通创新药ETF,770387064
513130,恒生科技ETF,21884193316
159657,生物疫苗ETF,129532573
561920,疫苗龙头ETF,23128416
515070,人工智能AIETF,3808942330
560690,电信ETF基金,30557044
159819,人工智能ETF,11510934159
159750,港股科技50ETF,142448977
159363,创业板人工智能ETF华宝,795314672
159747,香港科技ETF,366273704
159539,信创50ETF,102801172
159929,医药ETF,2273320774
515980,人工智能ETF,2194262688
159561,德国ETF,443519345
159740,恒生科技ETF,4370860121
513350,标普油气ETF,311836854
513070,港股消费ETF易方达,213035714
512930,AI人工智能ETF,1450824592
159755,电池ETF,3308510231
513320,恒生新经济ETF,311539589
513590,香港消费ETF,227553886
159723,科技龙头ETF,73652248
159760,医疗健康ETF泰康,88335488
159645,疫苗ETF富国,20523377
516380,智能电动车ETF,108475977
513380,恒生科技ETF龙头,3487081440
515960,医药健康ETF,237244090
159808,创100ETF融通,132850830
513230,港股消费ETF,206635804
517350,中概科技ETF,89357554
159851,金融科技ETF,4765186616
513180,恒生科技指数ETF,24070460193
513160,港股科技30ETF,538885880
516860,金融科技ETF,991518442
159773,创业板科技ETF,283931474
515950,医药龙头ETF,678491125
513010,恒生科技ETF易方达,8026818603
159806,新能源车ETF,1136636176
562860,生物疫苗ETF,292060430
159938,医药卫生ETF,4784513356
159840,锂电池ETF,1067235364
515750,科技50ETF,702456595
510660,医药卫生ETF,95638641
159741,恒生科技ETF基金,613781606
517360,沪港深科技ETF,71010336
520600,港股汽车ETF,639565536
159735,港股消费ETF,292323048
513580,恒生科技ETF指数基金,1518591792
159952,创业板ETF广发,12269573642
513560,香港科技ETF,540353622
512980,传媒ETF,3297185902
516100,金融科技ETF华夏,330423331
159804,创中盘88ETF,134119297
159858,创新药ETF基金,227478273
159810,创业板ETF浦银,97770780
515200,创新100ETF,172071609
159915,创业板ETF,91465516979
560280,工程机械ETF,117720748
516590,智能汽车ETF易方达,97295360
159957,创业板100ETF华夏,2162163059
560900,创新药企ETF,30890701
159757,电池30ETF,324134359
512120,医药50ETF,360362697
159992,创新药ETF,10246644010
159977,创业板ETF天弘,10182427311
159948,创业板ETF南方,4905779409
513890,恒生科技HKETF,292985616
513260,恒生科技ETF基金,1577963258
159991,创大盘ETF,165205784
516060,创新药产业ETF,115794427
516080,创新药ETF易方达,361396256
560810,央企ESGETF,533612520
159805,传媒ETF,280460269
516600,消费服务ETF,94597249
159777,创科技ETF,128130093
159971,创业板ETF富国,2569479459
159824,新能车ETF,191003620
159872,智能网联汽车ETF,61053737
159788,港股通100ETF,93620582
515030,新能源车ETF,5129310592
159908,创业板ETF博时,2198508980
159742,恒生科技指数ETF,1226329144
159966,创业板价值ETF,532671959
517660,物联网沪港深ETF,48570384
159958,创业板ETF工银,453196745
159956,创业板ETF建信,128961421
516390,新能源汽车ETF,383963140
515700,新能车ETF,2628274905
159767,电池龙头ETF,123911488
159371,创50ETF富国,184186038
159716,深创100ETF,107882721
516110,汽车ETF,670578060
159964,创业板ETF平安,575784281
515120,创新药ETF,3640599619
159793,线上消费ETF平安,46104283
159836,创300ETF,193691023
159370,创50ETF工银,81352866
159721,深创龙头ETF,47664220
159150,深证50ETF易方达,207257136
159335,央企科创ETF,452109737
517800,人工智能50ETF,214012617
159709,物联网ETF工银,86543921
513750,港股非银ETF,795809522
588760,人工智能ETF科创,312079294
159821,BOCI创业板ETF,37043520
515860,科技ETF基金,198524563
159681,创50ETF,1941096987
560800,数字经济ETF,829615514
159541,创业板综ETF万家,287336311
159542,工程机械ETF,25168435
159949,创业板50ETF,28878331601
516190,文娱传媒ETF,32394468
159814,创业大盘ETF,736204774
159976,湾创ETF,121636122
159676,创业板增强ETF富国,266504684
513900,港股通100ETF,154525518
516660,新能源车ETF基金,360905694
159909,TMT50ETF,440936202
588790,科创AIETF,1213873468
159658,数字经济ETF,223807130
159682,创业50ETF,5618592205
159985,豆粕ETF,3480533545
515090,可持续发展ETF,10606049
159796,电池50ETF,925283934
159807,科技ETF,1039887255
159720,智能电车ETF泰康,57579089
159835,创新药50ETF,122354758
513550,港股通50ETF,2742861888
159886,机械ETF,44550235
159752,新能源龙头ETF,336516606
515800,800ETF,5794457915
159350,深证50ETF富国,389795500
516800,智能制造ETF,187641876
159596,A50ETF华宝,1294466819
159961,深100ETF方正富邦,503139652
159512,汽车ETF,97601305
512770,战略新兴ETF,219041654
560990,中金科技先锋ETF,32134145
516050,科技龙头ETF,454540756
562010,绿色能源ETF,17883843
159595,中证A50ETF基金,7168487026
159375,创业板50ETF国泰,68347357
512970,大湾区ETF,74684562
159902,中小100ETF,448071441
159811,5G50ETF,119624713
513660,恒生ETF,4863882265
159326,电网设备ETF,61385688
516960,机械ETF,17426632
159775,新能源车电池ETF,68232887
159939,信息技术ETF,1760689468
159656,300成长ETF,140423876
159906,深成长龙头ETF,136105981
513290,纳指生物科技ETF,1714739659
512520,MSCIETF,79399793
588930,科创板人工智能ETF,433710113
560350,中证A50ETF指数基金,3782859012
588730,科创人工智能ETF,211757441
515000,科技ETF,3401645519
561230,中证A50ETF基金,2464160490
515580,科技100ETF,477231451
159573,创业板200ETF华夏,285983964
159597,创业板成长ETF易方达,112365817
159918,中创400ETF,78323801
159591,中证A50ETF,1615792098
159901,深证100ETF,6941396027
512330,信息科技ETF,599099280
159563,创业板综ETF华夏,57669828
560000,智慧电车ETF,12796259
563080,中证A50ETF易方达,5493718884
561130,国货ETF,169336225
588350,双创50ETF基金,1598951032
517850,张江ETF,64822310
588390,科创创业50ETF,268339620
561950,500指数增强ETF,71646948
159936,可选消费ETF,303420051
159637,新能源车龙头ETF,951252205
159675,创业板增强ETF,184028755
159912,深300ETF,135501037
159602,中国A50ETF,1220754671
159383,创业板50ETF华泰柏瑞,238217318
561000,沪深300ETF增强基金,143041920
159970,深100ETF工银,15510068
159903,深成ETF,557469857
159969,深100ETF银华,19020005
159312,恒生ETF港股通,70967910
159875,新能源ETF,979930595
159920,恒生ETF,20078461889
560050,MSCI中国A50ETF,5406431433
515680,央企创新ETF基金,1945916821
159367,创业板50ETF华夏,292086684
159973,民企ETF,278567157
563000,中国A50ETF,4517285150
159935,中证500ETF景顺,66094552
159523,沪深300成长ETF,77254247
561900,沪深300ESGETF,49959565
159373,创业板50ETF嘉实,320184770
512910,中证A100ETF,339423437
159974,央企创新ETF,247400740
561880,A100ETF基金,193285393
516090,新能源ETF易方达,679963334
510380,国寿300ETF,1786959922
159592,A50ETF基金,2817208066
159323,港股通汽车ETF,208766427
159507,电信ETF,43217799
562890,中证A50指数ETF,481951455
159943,深证成指ETF,215899721
159593,中证A50指数ETF,8681163025
562000,中证A100ETF基金,3037114509
588400,科创创业指数ETF,1938409554
515250,智能汽车ETF,793138666
562390,中药50ETF,64568988
562310,沪深300成长ETF,1005621253
159786,VRETF,138442047
510900,H股ETF,11402895755
159923,中证A100ETF基金,41169316
515900,央企创新驱动ETF,3675634935
588380,双创50ETF,2637164291
515600,央企创新ETF,1961304974
159655,标普ETF,1156973449
159603,双创龙头ETF,2553063865
588300,双创ETF,1900689824
510770,G60创新ETF,21819977
159576,深证100ETF广发,84047458
560960,碳中和60指数ETF,28336724
560380,A100ETF南方,233326722
560180,ESG300ETF,36065839
159659,纳斯达克100ETF,5093633183
588360,科创创业ETF,494242603
561510,中药ETF华泰柏瑞,94580622
159571,创业板200ETF富国,69697358
159686,A100ETF易方达,72468371
159695,通信ETF,89549671
159601,A50ETF,3868248819
562880,电池ETF基金,333359991
517770,游戏传媒ETF,34595190
159380,A500ETF东财,517798574
563350,中证A50ETF,1145729211
159850,恒生国企ETF,1213502402
159620,500成长ETF,37379592
517080,沪港深500ETF基金,442469934
516330,物联网ETF,49824192
512580,环保ETF,1256248572
517100,AH500ETF,316260598
159338,中证A500ETF,28243419945
513600,恒生指数ETF,1591793586
562360,机器人ETF基金,258306202
560060,碳中和ETF,253663130
561500,漂亮50ETF,70481595
159501,纳斯达克指数ETF,7537104541
561380,电网ETF,98003674
159647,中药ETF,665944910
513870,纳指ETF富国,1697375313
513110,纳斯达克100ETF,3426842855
562580,可选消费ETF,34783916
513030,德国ETF,1123820921
563280,A50增强ETF,14015380
159572,创业板200ETF易方达,917692903
159510,沪深300价值ETF,166128973
512870,杭州湾区ETF,40059502
512070,证券保险ETF,8266238609
159386,A500ETF永赢,280191987
516070,低碳ETF易方达,275240700
159795,智能汽车ETF基金,43773846
159362,A500ETF工银,4267094715
563860,A500ETF海富通,1575657813
515130,沪深300ETF博时,341157758
159357,中证A500指数ETF,6277771966
159318,恒生港股通ETF,49264449
159606,中证500成长ETF,484376663
159922,中证500ETF,12419056906
159685,1000增强ETF天弘,24166709
159518,标普油气ETF,458099463
510550,方正中证500ETF,35377517
159661,中证A100指数ETF,39879737
159696,纳指ETF易方达,1975952752
159782,双创50ETF,1090477597
159379,A500ETF融通,648774331
510570,兴业中证500ETF,28268555
159982,中证500ETF鹏华,345283626
159975,深100ETF招商,62237776
512550,A50ETF基金,438270402
588330,双创龙头ETF,1330136618
513210,恒生ETF易方达,66047394
560080,中药ETF,1902323438
159528,国企改革ETF,52575944
516850,新能源ETF基金,105396507
515810,中证800ETF,341007802
159337,中证500ETF基金,1306372318
561180,A100ETF,141348710
159706,深证100ETF华安,59346949
510590,中证500ETF平安,734856585
512050,A500ETF基金,21156900411
563800,中证A500ETF龙头,21163106733
560610,A500指数ETF,13213076860
516830,300ESGETF,167403188
516160,新能源ETF,4712989974
512950,央企改革ETF,5974458394
159960,恒生中国企业ETF,565175595
515350,民生加银300ETF,124849290
159701,物联网ETF招商,23743700
563520,沪深300ETF永赢,1488683708
510530,中证500ETF工银,370154714
159361,A500ETF易方达,16954893949
159353,中证A500ETF景顺,15783061590
561990,沪深300增强ETF,876505260
159351,A500指数ETF,14103662031
515390,沪深300ETF指数基金,775266237
159630,A100ETF基金,21330938
516320,高端装备ETF,85369029
560530,中证A500ETF摩根,11379921313
510350,沪深300ETF工银,5351047669
512650,长三角ETF,384090425
560170,央企科技ETF,1492157053
563220,中证A500ETF富国,20515371843
159717,ESGETF,70969521
159679,中证1000增强ETF,183283337
159631,中证A100ETF,129242594
588310,双创ETF基金,87272813
159359,中证A500ETF华安,4369958728
159565,汽车零部件ETF,74573838
561160,锂电池ETF,663143019
513990,港股通ETF,65280000
512020,A500ETF指数,4682284029
561190,双碳ETF,728308224
159360,中证A500ETF天弘,4682389190
515910,质量ETF,239831095
159889,智能汽车ETF,59919217
563500,中证A500ETF华宝,2525371852
530300,上证180ETF华泰柏瑞,133143361
510990,180ESGETF,51310689
159358,中证A500ETF基金,3466059608
159529,标普消费ETF,664506505
159919,沪深300ETF,158034393439
510310,沪深300ETF易方达,247386888312
562560,信息技术ETF,40904541
563330,A股ETF,120899537
510500,中证500ETF,103409375933
530280,上证180ETF指数基金,24795624
159577,美国50ETF,1331040864
560750,A500ETF申万菱信,306336992
512080,A500ETF中金,1843073540
159300,300ETF,3594458392
516520,智能驾驶ETF,376044233
510150,消费ETF,1793460412
159895,物联网ETF易方达,75333547
588230,科创200ETF,257498133
159690,矿业ETF,12747849
513850,美国50ETF,2275719819
512400,有色金属ETF,5208576255
159376,A500ETF指数基金,652963048
512090,MSCIA股ETF易方达,439428617
561200,中证A100ETF工银,49266954
159965,央视50ETF,68911363
159925,沪深300ETF南方,5077966705
515360,方正沪深300ETF,200759200
510510,中证500ETF基金,2231410284
512260,中证500低波动ETF,64674827
510360,沪深300ETF基金,10463588622
159968,中证500ETF博时,753809488
159305,储能电池50ETF,37615501
510390,沪深300ETF平安,602565600
159641,双碳ETF,305717466
159880,有色ETF基金,110574279
510020,超大盘ETF,131515868
159791,300ESGETF,36777430
510300,沪深300ETF,360407995474
510330,沪深300ETF华夏,166505659195
159871,有色金属ETF,114111652
512150,A50ETF,159369275
560500,500质量成长ETF,633585380
512990,MSCIA股ETF,261811040
159954,H股ETF,503124834
159575,创业板200ETF银华,18846950
562320,沪深300价值ETF,244136988
517010,沪港深500ETF易方达,68753423
159941,纳指ETF,25842026187
560650,核心50ETF,11441582
561300,300增强ETF,2135181097
560510,中证A500ETF,8142696063
515330,300ETF天弘,12361314002
560560,碳中和ETF泰康,72385696
159579,深主板50ETF华安,7643680
588820,科创200ETF基金,48521200
562300,碳中和ETF基金,67597695
159994,5GETF,1656187658
159820,中证500ETF天弘,2357397196
159621,MSCIESGETF,32207674
517000,沪港深500ETF,399495229
563880,中证A500指数ETF,9898088420
159781,科创创业ETF,9382436231
515310,沪深300指数ETF,304921658
510180,上证180ETF,21097939360
159356,A500ETF基金,6806835790
159783,科创创业50ETF,4971466269
159780,双创ETF,4511013991
515160,MSCI中国ETF招商,524737680
159306,汽车零件ETF,16452531
517170,沪港深ETF,48722402
510370,300指数ETF,117539289
159959,央企ETF,2944211183
159352,中证A500ETF南方,21637795360
562260,汽车配件ETF,14378529
563360,中证A500ETF基金,18049212077
159660,纳指100ETF,2233706394
518860,黄金ETFAU,746371175
530800,上证180ETF基金,165168056
159330,沪深300ETF基金,1071476388
530080,180指数ETF,168130344
159885,碳中和ETF基金,276395714
515790,光伏ETF,9364846584
515380,沪深300ETF泰康,4451910350
561590,中证1000增强ETF,53302086
159732,消费电子ETF,2159125739
159520,消费龙头ETF,135900044
513100,纳指ETF,15474051259
159559,机器人100ETF,116813297
512500,中证500ETF华夏,14918464401
159566,储能电池ETF,101112601
515660,沪深300ETF国联安,4641302665
159888,智能车ETF,98110821
510580,中证500ETF易方达,3355711819
562380,央企科技引领ETF,268758893
510190,上证50ETF指数基金,219577421
159513,纳斯达克100指数ETF,5989461814
159640,碳中和龙头ETF,205029816
515530,中证500ETF泰康,87267786
516260,物联网50ETF,111156931
159627,A100ETF,43830483
516270,新能源50ETF,205608417
510850,上证50ETF工银,249549632
516580,新能源主题ETF,107697086
159967,创业板成长ETF,4615412664
159632,纳斯达克ETF,10422105258
560550,碳中和ETF龙头,470930004
510130,中盘ETF,249283966
159980,有色ETF,887102133
159517,800增强ETF,15966262
561350,国泰中证500ETF,132568300
159642,碳中和100ETF,103549380
159913,深价值ETF,72225325
510950,上证50ETF指数,114552900
517300,沪港深300ETF,2660850817
159378,通用航空ETF,234088348
159876,有色龙头ETF,80601688
517030,沪港深300ETF易方达,66002527
510050,上证50ETF,148166377034
515630,保险证券ETF,250212245
588190,科创100ETF,4739793343
512960,央企结构调整ETF,5253634485
515590,500等权ETF,55760343
159339,A500ETF,10080212701
159320,电网ETF,38831034
588450,科创50ETF增强,130932841
159617,500价值ETF,48823558
515780,浦银MSCI中国ETF,11570108
530580,180ETF基金,848839220
510100,上证50ETF易方达,3913460333
159861,碳中和50ETF,177902201
510030,价值ETF,207106611
515770,摩根MSCIAETF,88676668
512510,中证500ETF华泰柏瑞,1254842077
560860,工业有色ETF,471155960
510160,产业升级ETF,247302280
561910,电池ETF,508559840
562800,稀有金属ETF,1011095264
588370,科创50增强策略ETF,143305896
159730,龙头家电ETF,46391624
159583,通信设备ETF,79948184
518850,黄金ETF华夏,1824369958
159896,物联网龙头ETF,53849790
530000,上证50ETF天弘,2131277231
515050,5G通信ETF,6879128236
159881,有色60ETF,55113318
159812,黄金基金ETF,401356739
513310,中韩半导体ETF,579797559
515450,红利低波50ETF,6179554198
588080,科创板50ETF,58961415617
510800,50ETF基金,595801752
588050,科创ETF,13262817759
159673,沪深300ETF鹏华,4954921321
588090,科创板ETF,4775750697
159612,标普500ETF,593615432
159834,金ETF,377305881
516720,ESGETF,25492615
159628,国证2000ETF,914481093
561930,沪深300ETF招商,846358718
562500,机器人ETF,6631689033
517160,长江保护主题ETF,1324550248
513650,标普500ETF基金,4189488016
561800,稀有金属ETF基金,83509842
512220,TMTETF,411265162
159934,黄金ETF,14879222428
510710,上证50ETF博时,683757174
159652,有色50ETF,312073704
588320,双创50ETF增强,30264281
515920,智能消费ETF,210812773
159770,机器人ETF,1910628354
561320,交运ETF,74903908
510230,金融ETF,4750694056
561550,500增强ETF,804243734
513300,纳斯达克ETF,5939070303
518880,黄金ETF,33677843695
561100,消费电子ETF富国,501555817
159790,碳中和ETF,2356529705
560330,沪深300价值ETF申万菱信,107590590
159830,上海金ETF,399011177
562990,碳中和ETF易方达,1190963852
159639,碳中和ETF南方,790494855
510650,金融地产ETF,43103655
515300,红利低波ETF基金,5297609896
588030,科创100指数ETF,7802891323
159800,中证800ETF,68310901
588220,科创100ETF基金,5841046858
588120,科创板100ETF,1364071489
159556,中证2000ETF增强,76592187
159845,中证1000ETF,30742779052
159831,上海金ETF基金,178571166
560030,800价值ETF,38269760
560100,中证500增强ETF,120741596
518600,上海金ETF,756140987
159997,电子ETF,1448395062
516760,养殖ETF,143040554
159680,1000ETF增强,328408439
530180,上证180ETF易方达,172560384
588680,科创100ETF增强指数基金,53321790
516560,养老ETF,112723884
159993,证券ETF龙头,1571897987
159502,标普生物科技ETF,1120201701
512750,基本面50ETF,106680605
159703,新材料ETF,63108955
510600,申万上证50ETF,54675551
530050,上证50ETF东财,212710317
512160,MSCI中国A股ETF,309746916
561330,矿业ETF,53223061
517520,黄金股ETF,2111286072
518800,黄金基金ETF,9399256654
563030,中证500ETF增强,185335887
518660,黄金ETF基金,1289814540
159937,黄金ETF基金,16701636119
516880,光伏50ETF,751405340
516650,有色金属ETF基金,100876068
518890,中银上海金ETF,719392660
510090,ESGETF基金,86037777
159857,光伏ETF,2006381299
588870,科创50指数ETF,87562496
563090,上证50ETF增强,79488704
159677,1000增强ETF,50826241
562910,高端制造ETF,104791927
159609,光伏龙头ETF,257614659
159933,国投金融地产ETF,155734614
512360,平安MSCI国际ETF,68142563
512800,银行ETF,7571165915
588000,科创50ETF,87175346070
588060,科创50ETF龙头,5739647343
159530,机器人ETF易方达,299254638
159526,机器人指数ETF,323521483
518680,金ETF,862227472
512730,中证银行ETF,77279458
512380,MSCI中国ETF,137245476
561280,中证1000ETF增强,47818033
563050,央企科技50ETF,296849644
516290,光伏龙头ETF,227218981
513390,纳指100ETF,1864444381
159758,红利质量ETF,534626067
159509,纳指科技ETF,10078700271
510680,上证50ETF基金,150375446
159629,1000ETF,10470839988
159633,中证1000ETF易方达,2902610911
159905,深红利ETF,3258820305
588800,科创100ETF华夏,4586704618
562700,汽车零部件ETF,32550750
159671,稀有金属ETF基金,546411480
588210,科创100ETF易方达,305798284
159619,基建ETF,143774033
159864,光伏50ETF,387033718
159666,交通运输ETF,74252591
588150,科创50ETF南方,283129747
159763,新材料ETF基金,57699134
517400,黄金股票ETF,335764032
159560,芯片50ETF,147763832
159863,光伏ETF基金,244367657
588280,科创50ETF指数基金,507833304
159662,交运ETF,68917807
159635,基建50ETF,114961827
530680,上证180指数ETF基金,542797715
516300,中证1000ETF华泰柏瑞,165001979
159761,新材料50ETF,155719131
159678,中证500增强ETF,87088723
159708,红利ETF,237395492
159623,成渝经济圈ETF,3189035195
516950,基建ETF,587585132
512820,银行ETF龙头,2263258619
561060,国企红利ETF,57308900
159505,国证2000指数ETF,13917283
159562,黄金股ETF,351029440
561790,央企现代能源ETF,53229644
561780,1000增强ETF,14186601
512100,中证1000ETF,55823043840
588830,科创新能源ETF,420939109
159865,养殖ETF,3189349689
560590,1000ETF增强,22154040
560010,中证1000ETF指数,25129250514
510980,上证综合ETF,401560730
159867,畜牧ETF,621757565
515650,消费50ETF,2166968944
159610,500ETF增强,647626932
159551,机器人产业ETF,185028508
159608,稀有金属ETF,228687447
515320,电子50ETF,207715611
159618,光伏ETF指数基金,65709005
562950,消费电子ETF易方达,223230404
516180,光伏ETF平安,63727109
159887,银行ETF,412627589
588880,科创100ETF华泰柏瑞,359768448
159321,黄金股票ETF,63760776
515260,电子ETF,534941429
516210,银行ETF指数基金,118638018
159916,深F60ETF,379437921
510270,国企ETF,33659226
159653,ESG300ETF,58146459
510040,上证180ETF指数,442702080
510290,上证380ETF,186192085
516730,证券公司ETF,91789608
516910,物流ETF,57208494
159589,红利100ETF,70236165
516360,新材料ETF,65357431
588500,科创100ETF增强,198279330
510560,国寿500ETF,179902817
510760,上证综指ETF,2902997888
561260,能源ETF,85778998
517330,长江保护ETF,1319161686
159331,红利港股ETF,97097480
512700,银行ETF基金,1299723132
516130,消费龙头ETF,98475300
510210,上证指数ETF,6367048476
513080,法国CAC40ETF,797388156
562970,光伏ETF易方达,137153152
159907,2000ETF,177322900
159910,基本面120ETF,308650085
561600,消费电子ETF,159883668
515110,一带一路国企ETF,285869530
515290,银行ETF天弘,3887148045
159743,湖北ETF,150643167
560110,中证1000ETF基金,299959996
512640,金融地产ETF基金,82629252
159798,消费ETF易方达,120346740
159670,消费ETF基金,97380799
560980,光伏30ETF,149671604
512530,沪深300红利ETF,209961406
588900,科创100ETF南方,336726301
516710,新材料50ETF,47173280
561700,电力ETF基金,115178210
510060,央企ETF,146690490
159355,800红利低波ETF,136586620
159543,国证2000ETF基金,54955303
516890,新材料ETF平安,25346060
159328,家电ETF易方达,147719844
562520,中证1000成长ETF,54986128
560950,500ETF增强,52303531
159855,影视ETF,184890750
515020,银行ETF华夏,351364872
512390,平安MSCI低波ETF,180489740
512000,券商ETF,23723892334
516200,证券ETF指数基金,410406736
159578,深证主板50ETF南方,200558726
512880,证券ETF,28304936220
159532,中证2000ETF易方达,87201769
588460,科创50增强ETF,588350698
588160,科创材料ETF,159787680
513400,道琼斯ETF,1872180726
159711,港股通ETF,65467119
159931,金融ETF,76614605
516670,畜牧养殖ETF,630714712
159692,证券ETF东财,398358105
516310,银行ETF易方达,1165133826
159801,芯片ETF龙头,3248764361
159843,食品饮料ETF,284857018
588260,科创信息ETF,144534084
512280,MSCIA股ETF景顺,49580311
515080,中证红利ETF,7548296382
159719,国企共赢ETF,292714487
159779,消费电子50ETF,91191550
517880,品牌消费ETF,39851311
516530,物流快递ETF,71464722
560620,公用事业ETF基金,88423327
513970,恒生消费ETF,411980251
159699,恒生消费ETF,460909328
562330,中证500价值ETF,16848711
159315,黄金股ETF基金,42504442
159322,黄金产业ETF,28411691
159336,央企红利50ETF,329193424
159581,红利ETF基金,2718473743
562960,绿色电力ETF,60909147
562550,绿电ETF,87551767
510880,红利ETF,22851002790
560700,央企红利50ETF,1068561245
562340,中证500成长ETF,21736340
515560,证券ETF建信,255030449
563180,高股息ETF,296650060
588950,科创50ETF景顺,78316726
562850,央企能源ETF,154405298
159667,工业母机ETF,478393180
516970,基建50ETF,2645457811
516150,稀土ETF基金,1668179631
560150,红利低波ETF泰康,819414667
159549,红利低波动ETF,3415955802
562530,中证1000价值ETF,60857856
563020,红利低波动ETF,1086105770
516620,影视ETF,141314313
560090,证券ETF龙头,1767528215
561120,家电ETF,114712956
515760,浙江国资ETF,221201244
515990,国企一带一路ETF,102908003
515890,红利ETF博时,713927714
588100,科创信息技术ETF,325891976
515850,券商指数ETF,193470744
512180,MSCIA股ETF基金,98837728
517180,中国国企ETF,1269556515
513500,标普500ETF,17239796799
511880,银华日利ETF,58365582208
511600,货币ETF,29582662
511820,鹏华添利ETF,51763106
511620,货币基金ETF,159630749
511900,富国货币ETF,158534267
511700,场内货币ETF,879929187
511830,华泰货币ETF,14761771
511860,保证金货币ETF,44242212
511990,华宝添益ETF,71479258098
511850,财富宝ETF,1332973284
511660,货币ETF建信添益,10909835465
511690,交易货币ETF,849017916
511960,嘉实快线ETF,14421009
511980,现金添富ETF,24081204
511810,理财金货币ETF,646522325
511650,华夏快线ETF,94344717
511950,添利货币ETF,18341100
511800,易方达货币ETF,153826919
511970,国寿货币ETF,31321879
511670,华泰天天金ETF,16421149
588010,科创新材料ETF,356313562
562590,半导体材料ETF,378996690
562350,电力指数ETF,36887147
562060,标普红利ETF,1529433856
561960,央企回报ETF,109961705
561370,2000ETF,15375276
560580,电力ETF南方,31490952
560070,央企红利ETF基金,337246239
560020,红利ETF汇添富,65564976
517900,银行ETF优选,106851095
517550,消费ETF沪港深,47576489
516900,食品饮料ETF基金,38794316
516780,稀土ETF,789838000
516480,新材料ETF基金,13575559
515710,食品ETF,891262284
515180,红利ETF易方达,9534557925
515150,一带一路ETF,689010626
512900,证券ETF基金,6979801000
512890,红利低波ETF,14620337268
512600,必选消费ETF,466731928
512040,价值100ETF,2236929541
510410,资源ETF,398952147
159996,家电ETF,1717574684
159995,芯片ETF,25566654317
159981,能源化工ETF,354720459
159944,材料ETF,26034667
159940,金融地产ETF,1103437521
159928,消费ETF,12797115017
159842,券商ETF,1831678418
159841,证券ETF,6008090264
159813,半导体ETF,5090791410
159726,恒生红利ETF,540056641
159715,稀土ETF易方达,220686342
159625,绿色电力ETF,228277441
159616,农牧ETF,70972290
159555,2000增强ETF,57624051
159521,2000指数ETF,27274435
159515,国企红利ETF,50620749
159325,半导体精选ETF,128648133
159307,红利低波100ETF,697532466
159301,公用事业ETF,61372938
159005,汇添富快钱ETF,99474900
159003,招商快线ETF,275916200
159001,货币ETF,1238916500
511910,融通货币ETF,17381217
511770,金鹰增益货币ETF,29801490
511920,广发货币ETF,38663866
511930,国联日盈货币ETF,22731591
159599,芯片ETF基金,647204384
513800,日本东证指数ETF,811241204
159665,半导体龙头ETF,360103077
515010,券商ETF基金,1105667592
510200,上证券商ETF,166940371
512760,芯片ETF,12126631249
511160,国债ETF东财,4255322242
561580,央企红利ETF,584933353
561560,电力ETF,277309722
512480,半导体ETF,22432629874
560520,红利低波100ETF基金,6038550
159525,红利低波ETF,334443106
159669,绿电ETF,51262329
510720,红利国企ETF,1320857828
510630,消费30ETF,458913222
510170,大宗商品ETF,169186280
516350,芯片ETF易方达,1030356062
560680,消费ETF龙头,138170339
562820,集成电路ETF,70914888
516640,芯片龙头ETF,1217174101
159713,稀土ETF,322210168
516920,芯片50ETF,510311886
159310,芯片产业ETF,932451556
159689,消费ETF南方,86762397
517090,央企共赢ETF,549539487
515100,红利低波100ETF,6903490510
159552,中证2000增强ETF,17624317
562900,现代农业ETF,67377235
515880,通信ETF,2727096593
516810,农业50ETF,137308469
588180,科创50ETF基金,3397913503
159825,农业ETF,1716146780
516120,化工50ETF,177711660
512560,军工ETF易方达,760704380
516020,化工ETF,421918901
516550,农业ETF,178240099
515190,中银证券500ETF,91540379
512810,国防军工ETF,663977368
159870,化工ETF,1624333144
515170,食品饮料ETF,3246266462
512570,证券ETF易方达,787554470
159547,红利低波50ETF,62870907
159535,中证2000ETF指数,28813027
159332,央企红利ETF,143243303
563300,中证2000ETF,4111140572
159663,机床ETF,74244781
159945,能源ETF基金,31524101
513090,香港证券ETF,7420397617
588070,科创板成长ETF,61937504
530880,红利ETF国企,159077296
560190,公用事业ETF,115955296
159519,港股国企ETF,198750258
159611,电力ETF,2332723745
159848,证券ETF基金,108850926
159698,粮食ETF,204563776
515550,国联中证500ETF,76971373
510810,上海国企ETF,7840215148
560890,红利低波ETF新华,112838568
560220,中证2000ETF基金,62213229
159587,粮食50ETF,20771357
159672,主要消费ETF,90182007
512680,军工ETF龙头,3513856601
159827,农业50ETF,99901524
159736,饮食ETF,4818009386
512660,军工ETF,10170132000
561170,绿电50ETF,91653289
588780,科创芯片设计ETF,83344167
159862,食品ETF,48024416
159697,油气ETF,59841940
561980,半导体设备ETF,862043000
588990,科创芯片ETF博时,207762496
562660,中证2000ETF华夏,180143556
513690,恒生高股息ETF,3423222155
159582,半导体产业ETF,218335134
588020,科创成长50ETF,267690695
588890,科创芯片ETF南方,344438900
560780,芯片设备ETF,211869504
588110,科创成长ETF,186768960
159569,港股红利低波ETF,150148585
563200,中证2000ETF富国,28233809
159531,中证2000ETF,692309422
563210,专精特新ETF,42750747
520520,恒生消费ETF华泰柏瑞,67967816
561360,石油ETF,77975552
588200,科创芯片ETF,18721661431
588290,科创芯片ETF基金,2207053602
159558,半导体材料设备ETF,651101295
159731,石化ETF,33185800
159546,集成电路ETF,156935922
513880,日经225ETF,1419697590
513910,港股央企红利ETF,2438574528
516980,证券ETF先锋,35767600
516220,化工龙头ETF,122771330
560880,家电ETF龙头,481520240
159516,半导体设备ETF,1974824880
588750,科创芯片50ETF,1086853824
159333,港股央企红利ETF,477543681
512690,酒ETF,11392647103
513920,港股通央企红利ETF,2951411861
159638,高端装备ETF,1111256555
561760,油气ETF博时,22307790
513170,恒生央企ETF,488413450
513140,港股金融ETF,50742576
159327,半导体设备ETF基金,141810556
515220,煤炭ETF,2710427649
561310,消电ETF,100229110
159766,旅游ETF,2148276879
561570,油气ETF华泰柏瑞,7870002
513190,港股通金融ETF,437059968
159309,油气资源ETF,62854034
512190,浙商之江凤凰ETF,61501682
513820,港股红利ETF基金,1960413543
520900,红利ETF港股,2727961007
520660,港股通央企红利ETF南方,1200660178
515210,钢铁ETF,1008148767
516570,化工行业ETF,59705697
513520,日经ETF,1093540605
513730,东南亚科技ETF,2703883640
513530,港股通红利ETF,1445633927
159553,2000ETF增强,7984360
159691,港股红利ETF,5811810544
159536,中证2000指数ETF,55977655
563150,油气资源ETF,28730085
159930,能源ETF,222988993
513810,港股国企ETF,49163760
159533,中证2000ETF基金,17079198
520550,港股红利低波ETF,177454764
159545,恒生红利低波ETF,676491454
512710,军工龙头ETF,5884346729
588810,科创芯片ETF富国,89130468
159745,建材ETF,463951380
512670,国防ETF,2978221250
562510,旅游ETF,667718655
159302,港股高股息ETF,119235668
520890,港股通红利低波ETF,101241472
159588,石油天然气ETF,64781341
513000,日经225ETF易方达,860836807
159866,日经ETF,654176190
513630,港股红利指数ETF,7906547355
513950,恒生红利ETF,976761739
159787,建材ETF易方达,53365499
520990,港股央企红利50ETF,4626857121
159768,房地产ETF,392081922
159329,沙特ETF,531736697
510010,180治理ETF,301650930
516750,建材ETF,62061732
159707,地产ETF,414541323
159687,亚太精选ETF,317679407
512200,房地产ETF,4685562275
520830,沙特ETF,500818671
515060,房地产ETF基金,543763583
513360,教育ETF,514890278
159822,新经济ETF,360073932
159712,港股通50ETF,52579386
